<?xml version="1.0" encoding="UTF-8"?>
<blueprint xmlns="http://www.osgi.org/xmlns/blueprint/v1.0.0"
           xmlns:xsi="http://www.w3.org/2001/XMLSchema-instance"
           xmlns:camel-cxf="http://camel.apache.org/schema/blueprint/cxf"
           xmlns:cm="http://aries.apache.org/blueprint/xmlns/blueprint-cm/v1.1.0"
           xsi:schemaLocation="http://www.osgi.org/xmlns/blueprint/v1.0.0 http://www.osgi.org/xmlns/blueprint/v1.0.0/blueprint.xsd
       http://camel.apache.org/schema/blueprint http://camel.apache.org/schema/blueprint/camel-blueprint.xsd">

    <cm:property-placeholder persistent-id="com.capgemini.example" update-strategy="reload">
        <cm:default-properties>
            <!-- Endpoints -->
            <cm:property name="restEndpoint" value="cxfrs:bean:blogServiceServer?bindingStyle=SimpleConsumer"/>

            <!-- Service URL-->
            <cm:property name="apiRootUrl" value="/api"/>
        </cm:default-properties>
    </cm:property-placeholder>

    <camelContext xmlns="http://camel.apache.org/schema/blueprint">
        <routeBuilder ref="restServiceRouteBuilder"/>
    </camelContext>

    <bean id="restServiceRouteBuilder" class="com.capgemini.example.routes.RestServiceRouteBuilder">
        <property name="restEndpoint" value="${restEndpoint}"/>
    </bean>

    <!-- CXF servers -->
    <camel-cxf:rsServer id="blogServiceServer" address="${apiRootUrl}/1/blog"
                        loggingFeatureEnabled="false">
        <camel-cxf:serviceBeans>
            <bean class="com.capgemini.example.api.resources.BlogPost"/>
        </camel-cxf:serviceBeans>
        <camel-cxf:providers>
            <bean class="com.fasterxml.jackson.jaxrs.json.JacksonJsonProvider"/>
            <bean class="com.fasterxml.jackson.jaxrs.xml.JacksonJaxbXMLProvider"/>
        </camel-cxf:providers>
    </camel-cxf:rsServer>

</blueprint>
